request_id,team,route,intake_hours,review_hours,approval_hours,execution_hours,rework_hours,rework
R00000,Operations,Complex,8,28,8,11,22,1
R00001,Sales,Complex,2,33,9,2,0,0
R00002,Operations,Standard,8,4,16,6,0,0
R00003,Sales,Complex,7,36,11,3,0,0
R00004,Operations,Standard,6,20,8,10,0,0
R00005,Finance,Standard,8,31,15,4,16,1
R00006,Sales,Standard,4,13,8,9,0,0
R00007,Operations,Complex,5,34,7,5,5,1
R00008,Finance,Standard,7,36,16,11,0,0
R00009,Sales,Standard,8,6,8,12,0,0
R00010,Operations,Standard,2,13,2,11,0,0
R00011,Sales,Standard,8,18,4,5,11,1
R00012,Operations,Complex,6,28,10,7,0,0
R00013,Sales,Standard,3,15,10,2,0,0
R00014,Sales,Standard,8,4,1,3,6,1
R00015,Sales,Complex,8,32,8,6,0,0
R00016,Operations,Standard,4,11,11,2,0,0
R00017,Finance,Standard,5,33,5,7,20,1
R00018,Operations,Complex,8,24,3,7,5,1
R00019,Operations,Complex,3,33,16,7,11,1
R00020,Operations,Complex,6,31,8,9,0,0
R00021,Operations,Complex,3,24,11,10,0,0
R00022,Finance,Complex,8,48,13,12,0,0
R00023,Operations,Complex,5,27,2,3,15,1
R00024,Finance,Standard,3,28,15,6,0,0
R00025,Sales,Standard,6,20,14,4,0,0
R00026,Finance,Standard,4,43,15,6,0,0
R00027,Operations,Complex,3,33,2,5,4,1
R00028,Finance,Standard,7,40,7,5,0,0
R00029,Finance,Complex,8,52,9,10,16,1
R00030,Sales,Standard,7,7,16,9,0,0
R00031,Sales,Complex,8,26,4,9,21,1
R00032,Operations,Complex,3,37,13,3,0,0
R00033,Operations,Complex,7,33,5,6,15,1
R00034,Sales,Complex,8,26,7,10,0,0
R00035,Sales,Complex,4,36,10,7,9,1
R00036,Finance,Complex,1,58,14,3,5,1
R00037,Finance,Complex,4,49,3,3,0,0
R00038,Sales,Complex,2,37,4,9,0,0
R00039,Finance,Complex,1,58,15,7,0,0
R00040,Finance,Complex,6,53,4,6,0,0
R00041,Finance,Complex,4,54,4,3,16,1
R00042,Sales,Standard,2,5,6,10,0,0
R00043,Operations,Standard,8,8,12,7,0,0
R00044,Sales,Complex,1,32,2,5,9,1
R00045,Operations,Complex,1,37,11,11,0,0
R00046,Operations,Complex,5,22,14,8,15,1
R00047,Sales,Complex,3,23,12,10,17,1
R00048,Finance,Complex,3,46,15,7,0,0
R00049,Sales,Complex,3,32,2,2,14,1
R00050,Finance,Standard,3,39,9,2,0,0
R00051,Operations,Complex,8,24,10,12,0,0
R00052,Finance,Complex,4,51,12,3,23,1
R00053,Sales,Standard,7,19,5,7,0,0
R00054,Sales,Complex,5,34,3,5,21,1
R00055,Operations,Complex,2,26,9,9,0,0
R00056,Sales,Standard,2,6,4,10,0,0
R00057,Finance,Complex,7,54,4,11,10,1
R00058,Operations,Standard,7,5,4,5,0,0
R00059,Sales,Standard,4,12,11,6,0,0
R00060,Operations,Complex,3,22,3,5,0,0
R00061,Finance,Standard,4,38,13,5,0,0
R00062,Sales,Complex,7,27,2,7,0,0
R00063,Operations,Standard,6,12,10,11,0,0
R00064,Operations,Standard,5,20,16,12,0,0
R00065,Sales,Standard,3,4,5,2,0,0
R00066,Finance,Standard,1,28,9,3,0,0
R00067,Finance,Complex,3,60,7,7,10,1
R00068,Finance,Standard,1,44,2,9,0,0
R00069,Finance,Complex,2,47,14,5,11,1
R00070,Operations,Standard,2,4,9,8,0,0
R00071,Sales,Standard,2,20,16,8,0,0
R00072,Operations,Standard,5,19,7,11,0,0
R00073,Sales,Complex,1,28,3,5,0,0
R00074,Operations,Standard,4,15,8,5,0,0
R00075,Sales,Complex,5,31,11,12,0,0
R00076,Sales,Complex,7,30,9,6,0,0
R00077,Finance,Standard,5,44,9,10,0,0
R00078,Sales,Standard,2,16,2,3,23,1
R00079,Sales,Standard,7,12,3,11,0,0
R00080,Sales,Complex,2,26,12,10,5,1
R00081,Sales,Standard,1,10,6,11,0,0
R00082,Operations,Complex,3,38,4,3,0,0
R00083,Sales,Complex,2,30,9,4,0,0
R00084,Finance,Standard,3,43,5,10,0,0
R00085,Sales,Standard,4,17,16,2,0,0
R00086,Finance,Complex,2,57,7,3,10,1
R00087,Sales,Complex,7,30,12,4,17,1
R00088,Sales,Standard,6,8,15,2,0,0
R00089,Operations,Standard,5,10,11,12,0,0
R00090,Sales,Complex,4,23,1,10,0,0
R00091,Operations,Standard,7,6,4,9,23,1
R00092,Sales,Standard,7,10,5,12,23,1
R00093,Operations,Standard,6,5,6,9,0,0
R00094,Finance,Complex,8,62,2,4,0,0
R00095,Finance,Complex,2,62,7,2,0,0
R00096,Sales,Standard,4,19,12,4,0,0
R00097,Sales,Complex,7,27,5,12,0,0
R00098,Operations,Complex,7,31,7,12,0,0
R00099,Operations,Complex,3,30,6,7,18,1
R00100,Sales,Standard,2,18,4,12,0,0
R00101,Operations,Complex,2,28,2,4,0,0
R00102,Finance,Complex,5,47,15,4,0,0
R00103,Sales,Standard,5,16,5,8,0,0
R00104,Operations,Standard,8,16,3,7,0,0
R00105,Sales,Complex,4,23,11,7,0,0
R00106,Finance,Complex,2,47,16,10,19,1
R00107,Operations,Standard,3,4,9,4,4,1
R00108,Operations,Complex,8,22,14,10,0,0
R00109,Operations,Complex,4,32,5,7,14,1
R00110,Finance,Complex,7,61,11,9,24,1
R00111,Operations,Standard,8,6,13,2,0,0
R00112,Sales,Complex,2,33,12,6,0,0
R00113,Operations,Standard,8,19,12,12,0,0
R00114,Operations,Complex,5,33,15,3,0,0
R00115,Operations,Complex,4,34,12,9,20,1
R00116,Sales,Standard,1,18,2,10,0,0
R00117,Sales,Standard,5,6,8,10,0,0
R00118,Finance,Complex,8,56,9,8,0,0
R00119,Finance,Complex,8,51,14,6,7,1
R00120,Operations,Complex,6,35,10,6,0,0
R00121,Finance,Standard,6,29,8,4,0,0
R00122,Finance,Standard,5,33,6,6,0,0
R00123,Operations,Standard,8,8,15,9,0,0
R00124,Operations,Standard,1,15,8,4,0,0
R00125,Sales,Complex,6,27,8,5,0,0
R00126,Finance,Complex,7,51,13,3,0,0
R00127,Sales,Standard,4,4,3,5,5,1
R00128,Operations,Complex,8,38,5,9,0,0
R00129,Operations,Complex,4,32,12,6,0,0
R00130,Sales,Complex,1,30,3,2,20,1
R00131,Operations,Standard,7,17,12,6,11,1
R00132,Finance,Complex,7,52,4,7,0,0
R00133,Operations,Complex,7,22,13,8,0,0
R00134,Operations,Complex,1,33,10,9,0,0
R00135,Sales,Standard,1,15,10,5,0,0
R00136,Sales,Standard,1,15,9,8,0,0
R00137,Operations,Complex,2,26,7,3,0,0
R00138,Sales,Standard,6,16,1,2,0,0
R00139,Sales,Standard,1,10,10,5,0,0
R00140,Finance,Complex,6,56,7,6,0,0
R00141,Sales,Complex,3,30,15,12,0,0
R00142,Sales,Complex,1,36,8,7,0,0
R00143,Finance,Complex,1,62,15,5,21,1
R00144,Sales,Standard,8,20,14,7,5,1
R00145,Sales,Standard,8,13,15,6,0,0
R00146,Sales,Complex,6,35,16,9,0,0
R00147,Operations,Complex,1,31,6,3,20,1
R00148,Operations,Standard,5,6,8,12,0,0
R00149,Operations,Complex,4,22,6,8,0,0
R00150,Sales,Complex,4,30,13,4,0,0
R00151,Finance,Complex,1,55,10,12,0,0
R00152,Sales,Standard,7,8,3,8,0,0
R00153,Finance,Complex,3,53,11,12,14,1
R00154,Operations,Complex,4,30,10,10,0,0
R00155,Finance,Standard,2,39,4,4,0,0
R00156,Sales,Standard,8,9,7,9,0,0
R00157,Finance,Standard,1,35,11,3,0,0
R00158,Sales,Standard,3,6,6,9,0,0
R00159,Finance,Standard,1,36,6,10,18,1
R00160,Operations,Standard,8,8,9,2,0,0
R00161,Finance,Standard,2,29,14,5,0,0
R00162,Operations,Standard,7,16,9,8,0,0
R00163,Operations,Complex,2,22,13,7,0,0
R00164,Operations,Standard,3,13,6,6,0,0
R00165,Operations,Complex,7,29,6,12,0,0
R00166,Sales,Complex,7,22,8,12,20,1
R00167,Sales,Complex,1,24,10,12,0,0
R00168,Sales,Standard,2,8,13,12,0,0
R00169,Sales,Standard,7,9,12,4,0,0
R00170,Finance,Standard,7,34,13,12,0,0
R00171,Finance,Complex,4,50,2,3,0,0
R00172,Sales,Complex,8,31,13,8,21,1
R00173,Operations,Standard,1,15,3,9,0,0
R00174,Finance,Standard,5,30,16,8,0,0
R00175,Operations,Complex,4,27,15,4,0,0
R00176,Sales,Standard,3,13,2,2,0,0
R00177,Operations,Complex,4,22,10,9,0,0
R00178,Sales,Standard,6,16,3,5,0,0
R00179,Finance,Complex,8,46,15,4,0,0
R00180,Operations,Standard,5,7,16,5,0,0
R00181,Finance,Standard,8,38,14,8,0,0
R00182,Sales,Complex,2,29,15,9,0,0
R00183,Sales,Standard,4,19,6,6,0,0
R00184,Finance,Standard,6,43,6,6,0,0
R00185,Finance,Complex,6,58,1,5,0,0
R00186,Operations,Complex,5,31,14,11,0,0
R00187,Operations,Complex,2,22,11,2,16,1
R00188,Finance,Standard,6,33,1,2,0,0
R00189,Sales,Standard,6,18,15,2,0,0
R00190,Sales,Standard,5,15,2,2,14,1
R00191,Sales,Standard,7,14,11,9,0,0
R00192,Operations,Complex,3,37,9,2,0,0
R00193,Sales,Complex,4,35,15,12,0,0
R00194,Finance,Complex,6,55,9,5,0,0
R00195,Operations,Standard,5,20,7,4,0,0
R00196,Sales,Standard,4,8,11,10,0,0
R00197,Sales,Complex,2,35,1,3,0,0
R00198,Operations,Standard,5,16,5,3,0,0
R00199,Finance,Complex,5,60,7,3,0,0
R00200,Operations,Complex,5,33,16,5,0,0
R00201,Finance,Standard,5,44,5,12,0,0
R00202,Sales,Complex,8,38,11,3,0,0
R00203,Finance,Standard,2,36,5,4,0,0
R00204,Operations,Standard,3,10,5,10,0,0
R00205,Operations,Complex,1,30,15,11,16,1
R00206,Finance,Complex,7,62,10,8,0,0
R00207,Operations,Standard,8,17,9,9,0,0
R00208,Finance,Complex,8,61,12,2,15,1
R00209,Sales,Standard,5,20,3,4,0,0
R00210,Sales,Standard,2,18,5,7,0,0
R00211,Sales,Standard,3,14,7,7,4,1
R00212,Sales,Complex,2,32,6,3,0,0
R00213,Finance,Standard,4,38,15,6,0,0
R00214,Finance,Standard,1,43,9,8,0,0
R00215,Finance,Standard,2,28,1,6,0,0
R00216,Sales,Complex,7,28,10,10,0,0
R00217,Operations,Standard,3,19,14,12,0,0
R00218,Sales,Complex,6,38,8,9,0,0
R00219,Sales,Standard,4,12,6,4,0,0
R00220,Operations,Complex,5,32,12,4,18,1
R00221,Sales,Standard,4,13,14,3,0,0
R00222,Sales,Standard,1,13,16,3,0,0
R00223,Sales,Standard,5,13,8,3,0,0
R00224,Operations,Complex,4,34,14,5,0,0
R00225,Sales,Complex,4,31,6,3,0,0
R00226,Finance,Standard,5,34,6,7,0,0
R00227,Operations,Standard,3,4,6,4,0,0
R00228,Finance,Standard,2,39,4,12,0,0
R00229,Finance,Standard,2,34,10,4,0,0
R00230,Sales,Standard,1,7,15,6,0,0
R00231,Sales,Standard,2,5,15,10,0,0
R00232,Finance,Standard,8,44,12,5,0,0
R00233,Sales,Complex,2,29,7,3,6,1
R00234,Operations,Complex,6,25,7,7,22,1
R00235,Operations,Standard,2,11,10,9,0,0
R00236,Sales,Standard,8,16,6,3,0,0
R00237,Finance,Standard,8,29,5,3,0,0
R00238,Operations,Standard,6,20,15,9,0,0
R00239,Sales,Standard,3,16,3,3,0,0
R00240,Finance,Complex,7,51,2,6,0,0
R00241,Operations,Complex,5,26,16,4,0,0
R00242,Sales,Standard,7,19,9,6,0,0
R00243,Finance,Standard,2,36,3,4,0,0
R00244,Finance,Complex,8,60,2,9,0,0
R00245,Sales,Standard,1,10,7,5,5,1
R00246,Sales,Complex,5,32,10,5,0,0
R00247,Finance,Standard,7,30,15,3,0,0
R00248,Sales,Standard,2,8,2,7,0,0
R00249,Sales,Complex,6,33,11,5,0,0
R00250,Finance,Standard,8,42,2,6,20,1
R00251,Sales,Standard,3,19,15,7,0,0
R00252,Finance,Complex,4,55,2,12,13,1
R00253,Sales,Standard,1,9,9,8,0,0
R00254,Sales,Standard,8,9,15,6,0,0
R00255,Operations,Complex,4,37,10,2,0,0
R00256,Sales,Standard,4,11,8,10,0,0
R00257,Operations,Standard,1,10,8,4,0,0
R00258,Finance,Complex,8,51,15,2,14,1
R00259,Sales,Standard,3,7,3,6,0,0
R00260,Operations,Standard,5,4,2,8,0,0
R00261,Sales,Complex,3,37,3,3,21,1
R00262,Finance,Standard,1,33,16,4,9,1
R00263,Finance,Standard,8,44,16,11,4,1
R00264,Sales,Standard,8,11,7,11,8,1
R00265,Finance,Complex,7,57,15,8,7,1
R00266,Sales,Complex,5,29,8,7,0,0
R00267,Finance,Standard,6,35,5,7,0,0
R00268,Finance,Complex,4,57,11,6,0,0
R00269,Finance,Standard,7,34,6,8,0,0
R00270,Operations,Standard,3,15,6,9,0,0
R00271,Operations,Complex,5,36,15,7,0,0
R00272,Finance,Standard,6,30,11,10,0,0
R00273,Operations,Standard,4,4,9,9,0,0
R00274,Operations,Complex,7,37,1,6,14,1
R00275,Finance,Complex,2,58,12,5,0,0
R00276,Sales,Standard,3,15,4,4,0,0
R00277,Finance,Complex,1,62,14,12,0,0
R00278,Sales,Complex,7,30,7,2,0,0
R00279,Sales,Standard,1,17,3,12,9,1
R00280,Sales,Complex,4,36,7,12,0,0
R00281,Operations,Complex,4,36,8,10,0,0
R00282,Sales,Standard,7,17,6,10,14,1
R00283,Operations,Standard,2,18,1,4,0,0
R00284,Operations,Complex,3,25,16,2,0,0
R00285,Finance,Complex,2,50,8,5,0,0
R00286,Sales,Standard,6,6,5,10,22,1
R00287,Finance,Standard,8,33,8,10,0,0
R00288,Operations,Complex,8,32,2,11,0,0
R00289,Operations,Standard,5,13,5,12,0,0
R00290,Sales,Complex,4,25,15,12,0,0
R00291,Finance,Standard,1,31,12,3,0,0
R00292,Sales,Standard,2,9,3,11,0,0
R00293,Finance,Standard,1,38,15,9,0,0
R00294,Operations,Standard,3,15,16,7,11,1
R00295,Finance,Standard,4,41,14,9,0,0
R00296,Operations,Complex,3,26,3,3,0,0
R00297,Operations,Complex,7,32,14,8,0,0
R00298,Sales,Standard,5,17,16,12,0,0
R00299,Operations,Standard,2,7,14,7,0,0
R00300,Operations,Complex,4,30,5,9,0,0
R00301,Sales,Complex,3,24,7,6,0,0
R00302,Operations,Standard,2,16,3,8,0,0
R00303,Operations,Standard,7,15,12,4,0,0
R00304,Finance,Standard,2,28,7,7,0,0
R00305,Sales,Standard,6,6,13,10,0,0
R00306,Operations,Standard,5,12,11,4,0,0
R00307,Sales,Standard,7,8,16,9,0,0
R00308,Operations,Complex,3,24,6,11,8,1
R00309,Operations,Complex,5,25,11,10,0,0
R00310,Operations,Standard,2,14,1,6,0,0
R00311,Sales,Standard,3,16,15,11,0,0
R00312,Operations,Complex,8,34,14,2,0,0
R00313,Sales,Standard,7,17,13,12,0,0
R00314,Operations,Complex,3,34,12,4,0,0
R00315,Operations,Standard,3,20,10,7,13,1
R00316,Operations,Standard,1,16,1,7,0,0
R00317,Sales,Complex,6,25,14,10,0,0
R00318,Operations,Complex,2,35,12,4,0,0
R00319,Operations,Complex,2,37,14,6,0,0
R00320,Operations,Complex,7,37,16,9,22,1
R00321,Operations,Complex,5,22,8,7,0,0
R00322,Finance,Complex,7,55,9,11,0,0
R00323,Finance,Complex,7,56,7,11,11,1
R00324,Sales,Complex,4,38,6,5,20,1
R00325,Operations,Standard,5,14,5,4,0,0
R00326,Operations,Complex,3,29,14,5,0,0
R00327,Finance,Standard,3,33,7,10,0,0
R00328,Operations,Complex,8,30,7,5,0,0
R00329,Sales,Complex,3,36,14,10,16,1
R00330,Finance,Standard,3,44,4,5,7,1
R00331,Sales,Standard,2,17,13,8,0,0
R00332,Sales,Standard,5,19,11,9,0,0
R00333,Sales,Complex,6,23,8,7,0,0
R00334,Operations,Standard,2,13,3,4,0,0
R00335,Sales,Standard,1,6,9,6,0,0
R00336,Finance,Standard,6,35,12,5,0,0
R00337,Sales,Standard,3,15,1,8,0,0
R00338,Sales,Complex,6,32,8,4,0,0
R00339,Operations,Complex,6,23,16,6,0,0
R00340,Finance,Standard,1,39,12,7,0,0
R00341,Finance,Complex,7,52,7,2,16,1
R00342,Finance,Complex,6,62,9,7,0,0
R00343,Sales,Complex,8,32,5,7,0,0
R00344,Operations,Complex,4,36,13,10,0,0
R00345,Finance,Complex,3,52,7,5,0,0
R00346,Finance,Complex,6,62,5,11,0,0
R00347,Sales,Complex,6,25,5,7,0,0
R00348,Finance,Standard,3,29,7,4,0,0
R00349,Operations,Standard,5,15,10,6,0,0
R00350,Operations,Complex,6,29,6,7,24,1
R00351,Finance,Standard,6,40,7,8,0,0
R00352,Sales,Standard,6,7,11,2,14,1
R00353,Operations,Standard,1,6,15,11,0,0
R00354,Operations,Standard,6,11,14,6,0,0
R00355,Operations,Complex,4,36,2,10,0,0
R00356,Sales,Standard,6,9,14,8,0,0
R00357,Sales,Complex,1,23,11,4,0,0
R00358,Operations,Standard,7,19,6,8,0,0
R00359,Operations,Complex,7,29,13,12,0,0
R00360,Operations,Standard,8,18,6,9,0,0
R00361,Operations,Standard,5,5,5,5,0,0
R00362,Operations,Complex,6,38,2,12,16,1
R00363,Operations,Complex,4,25,16,12,0,0
R00364,Operations,Complex,2,24,5,6,22,1
R00365,Sales,Standard,4,6,7,9,0,0
R00366,Finance,Complex,6,59,10,7,0,0
R00367,Operations,Standard,2,17,10,4,0,0
R00368,Finance,Complex,5,47,3,3,13,1
R00369,Sales,Standard,7,16,1,6,10,1
R00370,Finance,Standard,8,30,6,12,0,0
R00371,Sales,Complex,2,25,10,12,0,0
R00372,Operations,Standard,6,14,11,8,0,0
R00373,Operations,Complex,8,37,10,12,17,1
R00374,Sales,Standard,2,17,1,2,0,0
R00375,Sales,Complex,6,26,11,5,0,0
R00376,Operations,Standard,2,11,8,9,10,1
R00377,Operations,Complex,5,36,1,4,0,0
R00378,Operations,Standard,1,9,1,12,0,0
R00379,Finance,Complex,6,56,9,9,16,1
R00380,Finance,Complex,7,48,6,5,23,1
R00381,Finance,Standard,5,42,12,10,0,0
R00382,Finance,Standard,4,41,1,3,0,0
R00383,Sales,Complex,6,23,16,8,0,0
R00384,Sales,Standard,8,4,16,5,0,0
R00385,Finance,Standard,3,43,7,10,0,0
R00386,Finance,Complex,3,53,13,4,0,0
R00387,Sales,Standard,8,10,6,5,0,0
R00388,Finance,Standard,4,34,4,7,0,0
R00389,Operations,Standard,1,9,5,6,0,0
R00390,Operations,Standard,7,17,13,12,0,0
R00391,Operations,Complex,8,23,5,11,0,0
R00392,Finance,Standard,7,41,10,2,0,0
R00393,Finance,Complex,3,55,13,6,9,1
R00394,Finance,Complex,3,55,14,12,0,0
R00395,Sales,Standard,8,4,14,10,0,0
R00396,Sales,Complex,8,28,10,3,12,1
R00397,Operations,Standard,6,14,3,7,0,0
R00398,Operations,Complex,8,26,14,5,0,0
R00399,Operations,Standard,8,18,8,12,0,0
R00400,Finance,Standard,6,29,13,12,0,0
R00401,Finance,Complex,1,52,6,9,0,0
R00402,Operations,Standard,8,19,11,8,0,0
R00403,Sales,Standard,4,11,3,7,9,1
R00404,Sales,Standard,2,12,14,3,0,0
R00405,Finance,Standard,7,35,5,12,0,0
R00406,Operations,Complex,6,36,7,12,0,0
R00407,Sales,Standard,8,5,14,12,0,0
R00408,Finance,Complex,6,47,7,9,0,0
R00409,Finance,Complex,5,48,13,11,0,0
R00410,Finance,Complex,2,53,15,7,0,0
R00411,Finance,Complex,1,51,5,6,0,0
R00412,Operations,Complex,5,22,11,11,18,1
R00413,Operations,Standard,7,4,4,5,0,0
R00414,Sales,Standard,4,13,11,5,21,1
R00415,Operations,Complex,5,35,11,12,0,0
R00416,Operations,Complex,1,34,15,9,0,0
R00417,Finance,Complex,1,59,5,10,0,0
R00418,Sales,Complex,3,32,16,9,0,0
R00419,Sales,Standard,1,18,10,8,0,0
R00420,Finance,Complex,4,61,14,9,0,0
R00421,Finance,Complex,4,53,4,5,0,0
R00422,Finance,Standard,4,37,10,8,0,0
R00423,Finance,Complex,8,47,16,10,0,0
R00424,Finance,Complex,1,51,16,2,7,1
R00425,Finance,Complex,7,59,7,7,0,0
R00426,Finance,Standard,6,37,2,4,0,0
R00427,Sales,Complex,2,23,1,8,0,0
R00428,Sales,Standard,5,19,16,8,0,0
R00429,Operations,Complex,1,36,12,2,0,0
R00430,Sales,Standard,2,8,10,4,0,0
R00431,Operations,Complex,3,27,4,4,0,0
R00432,Sales,Complex,2,26,16,8,0,0
R00433,Sales,Complex,6,26,16,8,0,0
R00434,Sales,Complex,2,29,16,12,0,0
R00435,Finance,Complex,4,57,8,11,0,0
R00436,Operations,Complex,3,28,10,5,21,1
R00437,Finance,Complex,4,49,14,3,21,1
R00438,Operations,Complex,4,30,15,10,0,0
R00439,Operations,Standard,6,9,10,8,0,0
R00440,Sales,Complex,2,26,9,12,21,1
R00441,Sales,Standard,7,4,16,10,0,0
R00442,Operations,Standard,1,13,3,6,0,0
R00443,Sales,Standard,7,12,5,6,0,0
R00444,Operations,Standard,2,20,6,2,0,0
R00445,Finance,Standard,6,41,6,8,0,0
R00446,Operations,Standard,6,11,16,10,0,0
R00447,Operations,Complex,8,24,8,9,16,1
R00448,Finance,Complex,5,59,13,7,0,0
R00449,Finance,Standard,5,29,2,7,0,0
R00450,Finance,Complex,2,48,10,5,0,0
R00451,Finance,Complex,4,51,1,2,0,0
R00452,Sales,Complex,4,29,6,3,0,0
R00453,Operations,Complex,3,31,16,2,0,0
R00454,Finance,Complex,6,51,6,2,21,1
R00455,Finance,Standard,3,32,15,5,9,1
R00456,Operations,Complex,2,30,3,8,0,0
R00457,Operations,Complex,2,26,13,7,0,0
R00458,Sales,Standard,3,10,4,3,0,0
R00459,Finance,Standard,8,30,6,6,0,0
R00460,Operations,Complex,7,38,5,7,0,0
R00461,Finance,Standard,3,40,7,8,0,0
R00462,Sales,Complex,8,23,8,5,0,0
R00463,Operations,Standard,2,13,16,8,0,0
R00464,Sales,Standard,6,6,13,7,0,0
R00465,Finance,Complex,7,57,11,3,0,0
R00466,Operations,Standard,4,18,5,6,0,0
R00467,Operations,Complex,8,24,3,6,0,0
R00468,Sales,Complex,8,37,8,2,8,1
R00469,Finance,Standard,4,35,6,2,0,0
R00470,Operations,Standard,3,11,16,3,0,0
R00471,Finance,Complex,2,58,7,4,11,1
R00472,Operations,Complex,8,37,11,7,0,0
R00473,Sales,Standard,1,16,7,11,0,0
R00474,Sales,Complex,4,33,11,3,9,1
R00475,Sales,Standard,1,8,10,10,0,0
R00476,Operations,Standard,8,4,4,3,0,0
R00477,Finance,Complex,3,59,9,4,0,0
R00478,Sales,Standard,2,6,2,4,0,0
R00479,Operations,Complex,1,36,2,6,0,0
R00480,Operations,Standard,2,11,16,11,0,0
R00481,Sales,Complex,1,24,3,6,0,0
R00482,Operations,Complex,1,37,15,2,0,0
R00483,Sales,Standard,6,19,2,7,0,0
R00484,Sales,Complex,1,32,6,5,17,1
R00485,Sales,Complex,4,33,3,12,0,0
R00486,Sales,Complex,5,28,15,3,0,0
R00487,Finance,Standard,7,34,4,2,0,0
R00488,Operations,Complex,4,26,15,8,0,0
R00489,Finance,Complex,7,52,4,5,5,1
R00490,Operations,Standard,4,8,7,6,0,0
R00491,Finance,Complex,5,55,2,10,17,1
R00492,Finance,Standard,2,38,7,12,0,0
R00493,Finance,Complex,3,54,15,12,8,1
R00494,Sales,Standard,5,12,9,3,0,0
R00495,Operations,Complex,6,32,13,7,9,1
R00496,Finance,Complex,6,60,13,3,0,0
R00497,Sales,Standard,1,19,8,11,0,0
R00498,Operations,Standard,5,20,7,6,0,0
R00499,Operations,Standard,8,15,15,2,0,0
R00500,Operations,Complex,7,28,7,6,0,0
R00501,Operations,Complex,7,31,7,11,0,0
R00502,Operations,Complex,5,30,12,4,0,0
R00503,Operations,Standard,4,10,2,3,0,0
R00504,Sales,Standard,5,6,12,8,0,0
R00505,Sales,Complex,2,30,12,7,4,1
R00506,Finance,Complex,8,46,8,2,0,0
R00507,Operations,Complex,5,23,10,5,0,0
R00508,Sales,Complex,3,32,11,10,0,0
R00509,Sales,Standard,3,13,3,9,0,0
R00510,Finance,Standard,6,36,3,9,0,0
R00511,Operations,Standard,3,8,8,2,0,0
R00512,Operations,Complex,5,22,5,4,21,1
R00513,Operations,Standard,2,15,1,4,0,0
R00514,Operations,Standard,8,4,11,4,0,0
R00515,Operations,Standard,4,4,15,8,0,0
R00516,Sales,Standard,3,19,15,10,0,0
R00517,Operations,Complex,1,34,2,4,0,0
R00518,Operations,Complex,6,33,11,5,0,0
R00519,Sales,Standard,6,18,12,11,0,0
R00520,Finance,Complex,7,54,13,4,22,1
R00521,Finance,Standard,5,30,2,11,0,0
R00522,Operations,Standard,2,13,15,8,0,0
R00523,Sales,Complex,3,32,6,7,0,0
R00524,Finance,Standard,7,32,4,4,0,0
R00525,Finance,Standard,8,39,4,4,0,0
R00526,Sales,Complex,6,32,13,5,0,0
R00527,Sales,Complex,6,25,1,10,0,0
R00528,Operations,Standard,4,9,12,9,4,1
R00529,Sales,Standard,3,13,16,12,0,0
R00530,Operations,Standard,3,4,11,5,0,0
R00531,Finance,Standard,1,36,1,3,0,0
R00532,Sales,Complex,6,32,10,11,0,0
R00533,Operations,Standard,6,16,1,10,0,0
R00534,Operations,Complex,2,30,14,5,0,0
R00535,Operations,Complex,3,33,5,4,0,0
R00536,Operations,Complex,8,31,6,8,0,0
R00537,Finance,Standard,6,41,13,10,0,0
R00538,Sales,Complex,1,22,15,8,17,1
R00539,Operations,Standard,5,14,12,12,0,0
R00540,Sales,Standard,5,7,15,9,0,0
R00541,Operations,Complex,2,36,1,6,24,1
R00542,Sales,Standard,7,19,9,4,0,0
R00543,Operations,Complex,3,37,12,4,16,1
R00544,Operations,Standard,5,19,16,3,0,0
R00545,Operations,Standard,6,12,15,9,0,0
R00546,Sales,Standard,8,6,7,4,15,1
R00547,Sales,Standard,2,7,8,3,0,0
R00548,Sales,Standard,5,7,14,7,0,0
R00549,Operations,Standard,4,19,15,12,13,1
R00550,Operations,Complex,2,28,4,8,0,0
R00551,Finance,Complex,1,49,16,10,0,0
R00552,Finance,Complex,7,48,2,2,0,0
R00553,Operations,Complex,3,30,7,2,0,0
R00554,Finance,Standard,7,28,3,3,0,0
R00555,Sales,Standard,1,20,11,10,0,0
R00556,Sales,Standard,2,4,3,7,19,1
R00557,Sales,Complex,6,23,6,4,20,1
R00558,Finance,Standard,8,39,14,11,0,0
R00559,Operations,Standard,2,17,8,9,0,0
R00560,Finance,Standard,7,31,11,2,19,1
R00561,Operations,Complex,8,25,8,3,7,1
R00562,Sales,Standard,3,5,12,10,0,0
R00563,Sales,Standard,7,9,16,11,0,0
R00564,Operations,Standard,4,8,2,7,0,0
R00565,Finance,Complex,2,54,15,2,5,1
R00566,Operations,Complex,4,36,12,2,0,0
R00567,Finance,Complex,7,59,8,11,20,1
R00568,Operations,Standard,5,14,1,11,0,0
R00569,Operations,Complex,5,33,2,8,5,1
R00570,Finance,Complex,7,47,3,3,0,0
R00571,Finance,Complex,5,54,5,7,0,0
R00572,Operations,Complex,6,26,2,10,23,1
R00573,Finance,Complex,7,46,13,2,0,0
R00574,Sales,Complex,3,27,11,2,0,0
R00575,Finance,Complex,4,60,11,5,0,0
R00576,Operations,Complex,4,29,11,12,0,0
R00577,Operations,Complex,1,38,2,10,0,0
R00578,Operations,Complex,8,23,10,6,13,1
R00579,Sales,Complex,3,38,15,9,0,0
R00580,Finance,Complex,4,58,16,8,0,0
R00581,Finance,Complex,3,55,13,2,0,0
R00582,Finance,Complex,2,48,6,10,0,0
R00583,Operations,Complex,1,22,5,7,0,0
R00584,Sales,Standard,1,12,3,5,15,1
R00585,Sales,Standard,5,4,12,8,0,0
R00586,Finance,Standard,3,34,7,6,0,0
R00587,Finance,Complex,8,54,2,3,0,0
R00588,Sales,Complex,3,27,11,4,0,0
R00589,Sales,Complex,1,22,4,11,0,0
R00590,Finance,Standard,3,32,16,5,0,0
R00591,Sales,Standard,3,13,15,8,0,0
R00592,Operations,Standard,2,14,15,8,15,1
R00593,Sales,Standard,5,15,8,8,0,0
R00594,Operations,Standard,8,20,14,6,0,0
R00595,Finance,Complex,5,52,12,5,0,0
R00596,Sales,Standard,2,8,16,12,0,0
R00597,Operations,Complex,6,27,2,9,0,0
R00598,Finance,Standard,1,39,11,5,0,0
R00599,Finance,Complex,6,58,13,8,0,0
R00600,Sales,Standard,2,15,10,3,15,1
R00601,Finance,Standard,1,41,1,6,0,0
R00602,Sales,Standard,6,18,1,11,0,0
R00603,Sales,Standard,2,12,13,10,0,0
R00604,Sales,Standard,5,15,2,10,0,0
R00605,Operations,Complex,3,35,8,2,0,0
R00606,Operations,Complex,3,25,13,11,20,1
R00607,Finance,Standard,7,32,8,6,0,0
R00608,Sales,Complex,4,35,8,6,0,0
R00609,Finance,Standard,2,33,9,6,0,0
R00610,Sales,Standard,4,19,8,5,0,0
R00611,Sales,Standard,6,12,3,5,0,0
R00612,Sales,Complex,2,31,6,6,0,0
R00613,Sales,Complex,5,27,2,11,24,1
R00614,Operations,Complex,1,22,4,2,0,0
R00615,Sales,Complex,8,38,10,8,0,0
R00616,Sales,Standard,2,20,1,9,0,0
R00617,Finance,Standard,4,33,9,2,0,0
R00618,Finance,Standard,6,37,6,5,0,0
R00619,Operations,Complex,5,22,6,11,0,0
R00620,Finance,Standard,1,40,15,7,0,0
R00621,Finance,Complex,1,56,4,11,0,0
R00622,Finance,Complex,1,46,15,8,0,0
R00623,Sales,Complex,3,31,11,10,0,0
R00624,Operations,Complex,3,33,15,6,0,0
R00625,Operations,Standard,5,10,1,6,0,0
R00626,Finance,Complex,2,59,14,4,0,0
R00627,Operations,Complex,1,35,8,12,16,1
R00628,Finance,Complex,4,50,8,11,0,0
R00629,Sales,Standard,5,9,14,7,0,0
R00630,Finance,Complex,3,57,3,4,0,0
R00631,Operations,Standard,6,9,3,2,0,0
R00632,Operations,Standard,7,5,8,10,0,0
R00633,Finance,Standard,2,38,2,5,0,0
R00634,Finance,Standard,7,41,7,10,0,0
R00635,Operations,Standard,3,5,8,9,0,0
R00636,Operations,Complex,2,27,6,9,0,0
R00637,Finance,Standard,4,38,4,2,0,0
R00638,Sales,Standard,3,17,8,8,0,0
R00639,Operations,Complex,7,36,14,7,0,0
R00640,Operations,Complex,1,37,2,11,0,0
R00641,Sales,Complex,4,24,2,2,20,1
R00642,Operations,Complex,6,27,16,10,24,1
R00643,Finance,Complex,2,55,1,2,0,0
R00644,Finance,Complex,1,56,9,5,0,0
R00645,Sales,Complex,5,38,1,3,0,0
R00646,Operations,Complex,8,31,2,11,0,0
R00647,Finance,Standard,6,37,10,10,0,0
R00648,Finance,Standard,4,30,9,2,0,0
R00649,Sales,Standard,5,6,11,11,15,1
R00650,Operations,Standard,7,19,3,8,0,0
R00651,Finance,Standard,1,33,12,8,0,0
R00652,Sales,Standard,1,7,9,2,0,0
R00653,Sales,Complex,8,31,9,5,16,1
R00654,Finance,Complex,6,58,10,8,0,0
R00655,Operations,Standard,1,10,12,7,0,0
R00656,Operations,Standard,7,11,3,5,0,0
R00657,Sales,Complex,5,34,4,2,0,0
R00658,Operations,Complex,2,33,6,9,18,1
R00659,Sales,Complex,7,37,3,10,0,0
R00660,Sales,Complex,1,23,5,10,0,0
R00661,Operations,Standard,6,8,14,6,0,0
R00662,Finance,Complex,6,51,12,10,0,0
R00663,Operations,Standard,8,16,2,7,0,0
R00664,Sales,Standard,7,11,10,11,0,0
R00665,Sales,Complex,4,26,5,4,0,0
R00666,Operations,Complex,6,25,9,5,0,0
R00667,Operations,Complex,1,23,1,3,0,0
R00668,Sales,Complex,7,22,8,7,0,0
R00669,Finance,Standard,4,35,7,8,0,0
R00670,Sales,Complex,8,26,7,4,0,0
R00671,Operations,Complex,4,28,4,6,0,0
R00672,Sales,Standard,3,7,2,9,0,0
R00673,Finance,Standard,7,37,10,8,0,0
R00674,Operations,Standard,6,15,10,7,0,0
R00675,Finance,Complex,8,58,16,9,18,1
R00676,Sales,Complex,5,31,5,12,0,0
R00677,Operations,Complex,5,23,9,10,16,1
R00678,Operations,Standard,2,19,10,2,0,0
R00679,Sales,Standard,5,15,5,12,0,0
R00680,Operations,Standard,1,18,3,4,0,0
R00681,Sales,Standard,4,13,2,11,0,0
R00682,Finance,Complex,6,55,5,4,10,1
R00683,Operations,Standard,1,14,14,9,11,1
R00684,Sales,Standard,6,14,11,6,0,0
R00685,Operations,Standard,8,7,13,6,0,0
R00686,Operations,Complex,3,29,1,4,0,0
R00687,Operations,Complex,1,27,3,6,6,1
R00688,Sales,Standard,7,17,16,12,0,0
R00689,Finance,Complex,5,58,9,5,19,1
R00690,Finance,Complex,6,47,9,10,0,0
R00691,Finance,Standard,5,41,5,11,0,0
R00692,Sales,Complex,5,27,16,11,6,1
R00693,Operations,Complex,6,33,13,5,17,1
R00694,Finance,Complex,2,54,6,10,0,0
R00695,Sales,Standard,2,13,3,5,9,1
R00696,Sales,Complex,8,30,10,9,0,0
R00697,Sales,Complex,8,29,5,5,0,0
R00698,Sales,Standard,1,12,12,11,9,1
R00699,Sales,Standard,4,13,2,9,0,0
R00700,Finance,Complex,4,49,9,10,0,0
R00701,Sales,Complex,7,34,8,12,0,0
R00702,Sales,Standard,8,13,9,5,0,0
R00703,Finance,Complex,6,47,2,5,21,1
R00704,Sales,Complex,6,32,7,11,0,0
R00705,Finance,Standard,4,30,6,4,0,0
R00706,Operations,Standard,2,7,8,10,0,0
R00707,Sales,Standard,3,18,14,4,0,0
R00708,Operations,Standard,3,8,1,3,0,0
R00709,Sales,Complex,8,26,7,5,0,0
R00710,Operations,Complex,3,26,13,5,0,0
R00711,Sales,Complex,6,23,1,7,0,0
R00712,Finance,Complex,7,58,5,4,0,0
R00713,Sales,Standard,2,16,10,2,0,0
R00714,Finance,Standard,7,31,13,8,0,0
R00715,Operations,Standard,6,4,4,8,0,0
R00716,Sales,Standard,1,7,7,7,0,0
R00717,Sales,Complex,8,32,10,5,0,0
R00718,Sales,Complex,2,28,7,4,7,1
R00719,Finance,Complex,7,51,14,11,20,1
R00720,Finance,Standard,8,30,13,10,0,0
R00721,Operations,Complex,1,31,15,7,0,0
R00722,Sales,Standard,2,9,9,3,0,0
R00723,Finance,Complex,5,52,13,2,0,0
R00724,Operations,Standard,5,6,1,2,0,0
R00725,Operations,Standard,7,12,12,3,0,0
R00726,Sales,Standard,3,6,2,3,0,0
R00727,Operations,Complex,8,25,5,9,0,0
R00728,Sales,Standard,5,15,9,4,0,0
R00729,Operations,Standard,1,11,15,11,0,0
R00730,Sales,Complex,3,28,12,2,0,0
R00731,Finance,Standard,4,37,2,12,0,0
R00732,Operations,Standard,5,10,14,6,0,0
R00733,Finance,Standard,5,33,14,9,0,0
R00734,Operations,Complex,7,35,15,7,0,0
R00735,Sales,Complex,7,26,15,3,0,0
R00736,Operations,Standard,5,8,1,11,0,0
R00737,Finance,Complex,6,60,5,10,0,0
R00738,Sales,Complex,2,35,10,8,14,1
R00739,Operations,Complex,7,29,12,8,0,0
R00740,Operations,Complex,8,30,2,7,0,0
R00741,Sales,Complex,8,26,14,6,5,1
R00742,Operations,Standard,1,19,12,8,0,0
R00743,Operations,Complex,3,34,10,11,0,0
R00744,Operations,Complex,2,34,2,4,0,0
R00745,Operations,Complex,7,37,14,2,0,0
R00746,Sales,Complex,1,35,3,3,0,0
R00747,Finance,Complex,6,60,15,7,19,1
R00748,Operations,Complex,1,35,5,11,16,1
R00749,Finance,Standard,5,35,6,5,0,0
R00750,Finance,Standard,8,31,5,2,0,0
R00751,Sales,Standard,8,14,14,6,6,1
R00752,Finance,Complex,5,60,2,6,0,0
R00753,Finance,Standard,4,33,2,8,0,0
R00754,Sales,Standard,8,16,10,4,8,1
R00755,Operations,Standard,4,18,15,7,0,0
R00756,Operations,Standard,2,7,5,8,0,0
R00757,Finance,Complex,5,51,8,11,0,0
R00758,Sales,Standard,3,6,15,11,15,1
R00759,Operations,Complex,2,24,3,12,14,1
R00760,Operations,Complex,8,31,8,11,0,0
R00761,Operations,Complex,4,22,8,10,14,1
R00762,Operations,Complex,6,34,7,8,0,0
R00763,Finance,Standard,3,39,1,6,12,1
R00764,Finance,Standard,3,35,8,6,0,0
R00765,Sales,Complex,6,34,1,3,0,0
R00766,Sales,Complex,3,26,11,12,5,1
R00767,Operations,Standard,2,9,13,11,0,0
R00768,Operations,Complex,8,27,4,4,0,0
R00769,Operations,Complex,7,27,6,3,8,1
R00770,Sales,Standard,8,20,6,9,0,0
R00771,Operations,Standard,3,10,8,4,0,0
R00772,Operations,Complex,1,30,6,2,0,0
R00773,Finance,Standard,2,35,3,12,0,0
R00774,Sales,Complex,8,34,13,3,0,0
R00775,Sales,Standard,3,5,16,9,0,0
R00776,Finance,Complex,5,61,3,8,0,0
R00777,Operations,Standard,6,4,4,8,0,0
R00778,Sales,Complex,5,34,1,11,0,0
R00779,Operations,Standard,5,4,5,12,0,0
R00780,Sales,Complex,1,30,7,7,0,0
R00781,Finance,Complex,1,59,2,2,4,1
R00782,Sales,Complex,4,27,2,6,0,0
R00783,Sales,Standard,3,9,5,9,19,1
R00784,Operations,Complex,3,36,11,7,0,0
R00785,Sales,Complex,4,24,12,10,0,0
R00786,Finance,Complex,1,47,16,6,0,0
R00787,Sales,Complex,2,23,10,7,0,0
R00788,Operations,Standard,8,19,8,4,0,0
R00789,Sales,Complex,8,35,4,5,0,0
R00790,Sales,Standard,2,18,4,12,0,0
R00791,Sales,Standard,5,19,12,9,0,0
R00792,Sales,Complex,5,31,6,3,15,1
R00793,Sales,Standard,5,7,1,12,0,0
R00794,Sales,Complex,2,38,9,8,0,0
R00795,Finance,Complex,5,54,16,6,0,0
R00796,Operations,Complex,6,31,10,8,0,0
R00797,Sales,Standard,2,17,9,5,0,0
R00798,Sales,Complex,4,25,1,6,0,0
R00799,Finance,Complex,6,59,12,11,7,1
R00800,Finance,Standard,2,39,5,12,0,0
R00801,Operations,Complex,6,25,9,11,16,1
R00802,Finance,Standard,6,29,6,7,0,0
R00803,Finance,Standard,7,36,12,10,0,0
R00804,Sales,Complex,2,26,3,9,0,0
R00805,Sales,Standard,5,15,1,7,0,0
R00806,Finance,Complex,6,61,3,4,0,0
R00807,Operations,Standard,1,12,2,2,7,1
R00808,Finance,Standard,4,38,13,11,0,0
R00809,Operations,Standard,4,6,2,12,0,0
R00810,Finance,Standard,6,36,8,9,0,0
R00811,Finance,Complex,5,53,3,4,7,1
R00812,Finance,Standard,2,43,10,8,0,0
R00813,Sales,Complex,3,33,13,3,13,1
R00814,Operations,Complex,7,23,12,10,15,1
R00815,Operations,Complex,4,32,16,4,0,0
R00816,Operations,Standard,3,18,15,9,0,0
R00817,Finance,Complex,5,50,15,11,0,0
R00818,Finance,Standard,4,33,6,11,0,0
R00819,Finance,Complex,4,54,1,2,0,0
R00820,Sales,Standard,7,18,8,7,0,0
R00821,Finance,Complex,1,57,8,3,0,0
R00822,Finance,Standard,8,31,7,6,0,0
R00823,Finance,Complex,8,47,10,9,24,1
R00824,Operations,Standard,2,4,12,4,0,0
R00825,Sales,Standard,5,6,6,9,0,0
R00826,Operations,Complex,8,32,4,5,0,0
R00827,Sales,Complex,5,36,7,6,23,1
R00828,Operations,Complex,7,33,12,5,0,0
R00829,Operations,Standard,2,6,6,5,0,0
R00830,Operations,Complex,7,34,7,3,12,1
R00831,Finance,Standard,7,37,2,12,0,0
R00832,Sales,Complex,7,26,14,3,0,0
R00833,Operations,Standard,5,11,2,7,0,0
R00834,Operations,Complex,2,34,10,10,5,1
R00835,Operations,Complex,6,33,14,11,0,0
R00836,Finance,Standard,8,35,6,8,0,0
R00837,Operations,Standard,6,10,10,9,0,0
R00838,Operations,Complex,3,30,3,7,5,1
R00839,Operations,Complex,2,36,4,8,0,0
R00840,Sales,Complex,8,35,7,4,8,1
R00841,Finance,Complex,7,56,7,6,0,0
R00842,Finance,Standard,7,40,4,5,0,0
R00843,Sales,Complex,6,26,3,11,0,0
R00844,Sales,Standard,6,15,8,11,0,0
R00845,Operations,Standard,3,15,13,10,0,0
R00846,Sales,Standard,5,19,16,11,0,0
R00847,Operations,Standard,1,15,11,6,0,0
R00848,Operations,Complex,1,37,10,7,0,0
R00849,Operations,Standard,3,5,4,2,0,0
R00850,Operations,Complex,7,33,5,9,0,0
R00851,Sales,Standard,3,14,3,2,0,0
R00852,Finance,Standard,6,29,3,8,16,1
R00853,Operations,Complex,7,31,11,12,0,0
R00854,Operations,Standard,4,15,9,5,0,0
R00855,Operations,Standard,8,13,1,8,0,0
R00856,Sales,Complex,5,25,5,3,0,0
R00857,Finance,Standard,7,35,16,11,0,0
R00858,Operations,Complex,5,29,6,8,0,0
R00859,Sales,Standard,1,4,11,5,12,1
R00860,Finance,Standard,2,39,11,5,0,0
R00861,Sales,Complex,3,33,8,3,0,0
R00862,Finance,Standard,5,32,1,9,13,1
R00863,Operations,Complex,5,34,11,9,5,1
R00864,Operations,Standard,7,6,3,8,0,0
R00865,Finance,Complex,1,57,4,5,0,0
R00866,Finance,Complex,2,48,16,10,22,1
R00867,Finance,Standard,2,38,11,8,0,0
R00868,Operations,Standard,6,18,12,9,0,0
R00869,Finance,Standard,7,33,13,6,0,0
R00870,Finance,Standard,6,31,9,3,0,0
R00871,Operations,Standard,1,14,16,2,20,1
R00872,Sales,Standard,7,19,10,10,0,0
R00873,Sales,Standard,8,17,2,7,0,0
R00874,Sales,Standard,6,5,7,9,0,0
R00875,Sales,Complex,1,35,14,11,0,0
R00876,Sales,Complex,8,29,3,11,0,0
R00877,Operations,Standard,6,9,9,3,0,0
R00878,Sales,Standard,2,7,10,10,0,0
R00879,Operations,Standard,5,6,11,8,0,0
R00880,Sales,Complex,1,33,12,8,0,0
R00881,Sales,Standard,7,10,9,9,4,1
R00882,Sales,Standard,1,6,8,4,0,0
R00883,Sales,Standard,5,19,6,10,0,0
R00884,Finance,Standard,8,31,11,2,0,0
R00885,Finance,Complex,3,51,2,12,23,1
R00886,Sales,Standard,4,13,13,12,0,0
R00887,Operations,Complex,6,24,12,3,0,0
R00888,Operations,Complex,4,37,9,2,24,1
R00889,Operations,Standard,6,14,13,2,0,0
R00890,Finance,Complex,3,49,10,6,20,1
R00891,Finance,Complex,6,60,12,12,0,0
R00892,Finance,Standard,1,38,11,6,0,0
R00893,Finance,Complex,3,60,3,8,0,0
R00894,Operations,Complex,3,24,2,10,0,0
R00895,Operations,Standard,7,20,1,11,0,0
R00896,Sales,Complex,7,22,5,7,0,0
R00897,Sales,Standard,5,14,2,11,0,0
R00898,Sales,Complex,8,25,6,8,0,0
R00899,Sales,Complex,6,32,6,12,0,0
R00900,Sales,Standard,1,4,10,7,0,0
R00901,Finance,Complex,2,51,10,12,0,0
R00902,Finance,Standard,2,30,7,7,0,0
R00903,Finance,Complex,6,59,12,10,0,0
R00904,Operations,Complex,8,37,9,10,0,0
R00905,Sales,Complex,4,26,5,9,24,1
R00906,Operations,Complex,7,27,5,9,0,0
R00907,Sales,Standard,6,10,8,8,0,0
R00908,Operations,Standard,5,8,7,8,0,0
R00909,Finance,Standard,6,33,1,5,10,1
R00910,Finance,Complex,6,49,14,8,0,0
R00911,Finance,Complex,8,58,14,10,0,0
R00912,Sales,Complex,2,36,12,6,0,0
R00913,Finance,Standard,7,28,11,11,0,0
R00914,Finance,Complex,2,53,1,12,19,1
R00915,Sales,Standard,5,9,8,5,0,0
R00916,Operations,Standard,8,4,10,5,0,0
R00917,Operations,Standard,5,5,12,7,0,0
R00918,Operations,Complex,2,24,6,6,0,0
R00919,Sales,Complex,8,35,4,9,0,0
R00920,Finance,Complex,6,52,1,2,0,0
R00921,Sales,Standard,7,20,14,3,0,0
R00922,Operations,Complex,6,28,5,11,0,0
R00923,Sales,Complex,5,31,14,12,0,0
R00924,Sales,Complex,8,29,16,5,21,1
R00925,Operations,Standard,7,6,12,10,0,0
R00926,Finance,Complex,2,53,2,3,0,0
R00927,Sales,Complex,4,34,11,4,22,1
R00928,Finance,Complex,5,54,8,8,0,0
R00929,Sales,Complex,6,30,5,5,0,0
R00930,Sales,Standard,4,11,16,9,0,0
R00931,Finance,Standard,8,28,4,2,0,0
R00932,Sales,Standard,7,19,13,5,0,0
R00933,Operations,Complex,2,36,2,4,0,0
R00934,Finance,Complex,3,58,14,6,0,0
R00935,Sales,Complex,3,27,14,6,0,0
R00936,Finance,Standard,8,39,9,3,0,0
R00937,Sales,Standard,1,11,5,5,0,0
R00938,Sales,Complex,7,36,9,2,17,1
R00939,Sales,Standard,4,7,11,6,0,0
R00940,Finance,Standard,4,41,5,7,0,0
R00941,Operations,Standard,6,5,6,4,0,0
R00942,Sales,Complex,2,30,2,4,0,0
R00943,Operations,Standard,8,9,14,7,0,0
R00944,Finance,Complex,7,58,15,9,0,0
R00945,Sales,Complex,7,36,1,4,0,0
R00946,Finance,Complex,7,57,13,7,0,0
R00947,Sales,Standard,6,10,9,3,0,0
R00948,Operations,Standard,7,13,1,3,0,0
R00949,Finance,Standard,1,37,9,11,16,1
R00950,Finance,Standard,8,44,7,6,0,0
R00951,Sales,Complex,4,23,9,8,15,1
R00952,Operations,Complex,3,22,4,11,7,1
R00953,Sales,Complex,2,29,9,6,0,0
R00954,Operations,Complex,6,25,6,9,24,1
R00955,Sales,Complex,5,23,11,2,0,0
R00956,Operations,Complex,8,27,16,7,18,1
R00957,Sales,Standard,4,11,2,3,0,0
R00958,Operations,Complex,6,28,13,5,0,0
R00959,Operations,Complex,2,26,4,4,22,1
R00960,Operations,Complex,8,37,13,8,0,0
R00961,Sales,Complex,6,32,14,7,0,0
R00962,Finance,Complex,7,61,5,4,0,0
R00963,Operations,Complex,7,34,14,8,0,0
R00964,Operations,Complex,1,30,15,2,0,0
R00965,Operations,Complex,2,30,12,3,0,0
R00966,Finance,Standard,1,34,16,10,0,0
R00967,Finance,Standard,7,35,15,9,0,0
R00968,Operations,Complex,5,25,13,6,0,0
R00969,Operations,Standard,4,7,16,8,0,0
R00970,Operations,Complex,4,26,3,5,0,0
R00971,Operations,Standard,3,17,7,10,0,0
R00972,Operations,Standard,7,19,14,7,0,0
R00973,Operations,Standard,3,12,2,8,0,0
R00974,Finance,Standard,8,37,5,3,5,1
R00975,Sales,Standard,6,6,7,7,0,0
R00976,Operations,Standard,5,5,1,9,0,0
R00977,Operations,Standard,3,7,1,10,0,0
R00978,Finance,Standard,8,32,8,8,0,0
R00979,Operations,Complex,8,31,8,11,0,0
R00980,Sales,Standard,5,9,4,6,0,0
R00981,Operations,Standard,4,6,2,9,0,0
R00982,Finance,Complex,7,46,15,7,0,0
R00983,Operations,Standard,8,17,14,7,13,1
R00984,Finance,Standard,8,28,11,2,0,0
R00985,Finance,Standard,2,44,12,4,0,0
R00986,Sales,Complex,1,34,6,4,0,0
R00987,Finance,Standard,7,32,11,2,0,0
R00988,Finance,Complex,4,55,3,8,22,1
R00989,Operations,Standard,4,15,13,6,0,0
R00990,Operations,Standard,6,8,6,12,13,1
R00991,Sales,Complex,6,34,11,7,0,0
R00992,Operations,Standard,5,16,14,10,0,0
R00993,Sales,Standard,3,19,6,12,9,1
R00994,Sales,Standard,8,8,2,2,0,0
R00995,Operations,Standard,2,19,11,4,0,0
R00996,Finance,Standard,6,41,13,2,0,0
R00997,Finance,Standard,2,43,9,12,0,0
R00998,Finance,Complex,5,46,10,9,0,0
R00999,Finance,Standard,5,39,4,8,0,0
